{
    "Documentation": {
        "App": "DefaultApplication",
        "AppVersion": "v1.0.0",
        "Engine": "MAREngine",
        "EngineVersion": "v0.0.1"
    },
    "Scene": {
        "DefaultScene": {
            "Background": {
                "x": 0.3866809904575348,
                "y": 0.6773489713668823,
                "z": 0.7142860293388367
            },
            "Entity": [
                {
                    "ColorComponent": {
                        "color": {
                            "w": 1.0,
                            "x": 0.20000000298023224,
                            "y": 0.5,
                            "z": 0.20000000298023224
                        }
                    },
                    "PythonScriptComponent": {
                        "path": "scripts/RotateXY.py"
                    },
                    "RenderableComponent": {
                        "name": "Cube"
                    },
                    "TagComponent": {
                        "tag": "DarkGreenCube"
                    },
                    "TransformComponent": {
                        "position": {
                            "x": 20.167041778564453,
                            "y": 4.392808437347412,
                            "z": 12.57015323638916
                        },
                        "rotation": {
                            "x": 1.1339999437332153,
                            "y": -0.0,
                            "z": 0.0
                        },
                        "scale": {
                            "x": 1.0,
                            "y": 1.0,
                            "z": 1.0
                        }
                    }
                },
                {
                    "ColorComponent": {
                        "color": {
                            "w": 1.0,
                            "x": 0.5,
                            "y": 0.8999999761581421,
                            "z": 0.25
                        }
                    },
                    "RenderableComponent": {
                        "name": "Pyramid"
                    },
                    "TagComponent": {
                        "tag": "GreenPyramid"
                    },
                    "TransformComponent": {
                        "position": {
                            "x": 21.049999237060547,
                            "y": 0.699999988079071,
                            "z": 2.0
                        },
                        "rotation": {
                            "x": 0.0,
                            "y": 0.4359999895095825,
                            "z": 0.0
                        },
                        "scale": {
                            "x": 3.0,
                            "y": 3.5,
                            "z": 3.0
                        }
                    }
                },
                {
                    "ColorComponent": {
                        "color": {
                            "w": 1.0,
                            "x": 0.5,
                            "y": 0.20000000298023224,
                            "z": 0.8999999761581421
                        }
                    },
                    "RenderableComponent": {
                        "name": "Surface"
                    },
                    "TagComponent": {
                        "tag": "SurfacePurple"
                    },
                    "TransformComponent": {
                        "position": {
                            "x": 21.299999237060547,
                            "y": -1.850000023841858,
                            "z": 0.0
                        },
                        "rotation": {
                            "x": 0.0,
                            "y": 0.0,
                            "z": 0.0
                        },
                        "scale": {
                            "x": 1.0,
                            "y": 1.0,
                            "z": 1.0
                        }
                    }
                },
                {
                    "ColorComponent": {
                        "color": {
                            "w": 1.0,
                            "x": 0.8999999761581421,
                            "y": 0.20000000298023224,
                            "z": 0.30000001192092896
                        }
                    },
                    "RenderableComponent": {
                        "name": "Wall"
                    },
                    "TagComponent": {
                        "tag": "RedWall"
                    },
                    "TransformComponent": {
                        "position": {
                            "x": 21.132192611694336,
                            "y": -2.1500000953674316,
                            "z": -11.762802124023438
                        },
                        "rotation": {
                            "x": -3.141592502593994,
                            "y": -1.4025959968566895,
                            "z": -3.141592502593994
                        },
                        "scale": {
                            "x": 1.0,
                            "y": 1.0,
                            "z": 1.0
                        }
                    }
                },
                {
                    "ColorComponent": {
                        "color": {
                            "w": 1.0,
                            "x": 1.0,
                            "y": 1.0,
                            "z": 1.0
                        }
                    },
                    "PointLightComponent": {
                        "ambient": {
                            "w": 1.0,
                            "x": 0.5,
                            "y": 0.5,
                            "z": 0.5
                        },
                        "constant": 1.0,
                        "diffuse": {
                            "w": 1.0,
                            "x": 0.8999999761581421,
                            "y": 0.8999999761581421,
                            "z": 0.8999999761581421
                        },
                        "linear": 0.0,
                        "position": {
                            "w": 1.0,
                            "x": 0.0,
                            "y": 0.0,
                            "z": 0.0
                        },
                        "quadratic": 0.0,
                        "shininess": 64.0,
                        "specular": {
                            "w": 1.0,
                            "x": 0.5,
                            "y": 0.5,
                            "z": 0.5
                        }
                    },
                    "RenderableComponent": {
                        "name": "Cube"
                    },
                    "TagComponent": {
                        "tag": "LightCube"
                    },
                    "TransformComponent": {
                        "position": {
                            "x": 23.356468200683594,
                            "y": 9.251102447509766,
                            "z": 4.233645439147949
                        },
                        "rotation": {
                            "x": 0.0,
                            "y": -0.5490003228187561,
                            "z": 0.0
                        },
                        "scale": {
                            "x": 0.7509992122650146,
                            "y": 1.5,
                            "z": 0.7509992122650146
                        }
                    }
                },
                {
                    "ColorComponent": {
                        "color": {
                            "w": 1.0,
                            "x": 0.5,
                            "y": 0.5,