{
    "Documentation": {
        "App": "DefaultApplication",
        "AppVersion": "v1.0.0",
        "Engine": "MAREngine",
        "EngineVersion": "v0.0.1"
    },
    "Scene": {
        "Name": "default.marscene.json",
        "default.marscene.json": {
            "Background": {
                "x": 0.2199999988079071,
                "y": 0.6899999976158142,
                "z": 0.8700000047683716
            },
            "Entity": [
                {
                    "CameraComponent": {
                        "Perspective": 1.0,
                        "id": "main",
                        "o_bottom": -10.0,
                        "o_far": 100.0,
                        "o_left": -10.0,
                        "o_near": 0.009999999776482582,
                        "o_right": 10.0,
                        "o_top": 10.0,
                        "p_aspectRatio": 1.3333333730697632,
                        "p_far": 100.0,
                        "p_fov": 45.0,
                        "p_near": 0.009999999776482582
                    },
                    "TagComponent": {
                        "tag": "CameraEntity"
                    },
                    "TransformComponent": {
                        "angles": {
                            "x": -18.600000381469727,
                            "y": 0.699999988079071,
                            "z": 0.0
                        },
                        "center": {
                            "x": -37.400001525878906,
                            "y": 10.600000381469727,
                            "z": 0.0
                        },
                        "scale": {
                            "x": 1.0,
                            "y": 1.0,
                            "z": 1.0
                        }
                    }
                },
                {
                    "LightComponent": {
                        "ambient": {
                            "x": 0.5,
                            "y": 0.5,
                            "z": 0.5
                        },
                        "constant": 1.0,
                        "diffuse": {
                            "x": 0.8999999761581421,
                            "y": 0.8999999761581421,
                            "z": 0.8999999761581421
                        },
                        "linear": 0.04500000178813934,
                        "quadratic": 0.007499999832361937,
                        "shininess": 64.0,
                        "specular": {
                            "x": 0.5,
                            "y": 0.5,
                            "z": 0.5
                        }
                    },
                    "TagComponent": {
                        "tag": "LightEntity"
                    },
                    "TransformComponent": {
                        "angles": {
                            "x": 0.0,
                            "y": 0.0,
                            "z": 0.0
                        },
                        "center": {
                            "x": 0.0,
                            "y": 0.0,
                            "z": 0.0
                        },
                        "scale": {
                            "x": 1.0,
                            "y": 1.0,
                            "z": 1.0
                        }
                    }
                },
                {
                    "RenderableComponent": {
                        "name": "Cube"
                    },
                    "TagComponent": {
                        "tag": "MRCube"
                    },
                    "Texture2DComponent": {
                        "name": "textures/mr.jpg"
                    },
                    "TransformComponent": {
                        "angles": {
                            "x": 0.0,
                            "y": -40.0,
                            "z": 0.0
                        },
                        "center": {
                            "x": -1.2465238571166992,
                            "y": 4.300000190734863,
                            "z": 4.690000057220459
                        },
                        "scale": {
                            "x": 1.0,
                            "y": 1.0,
                            "z": 1.0
                        }
                    }
                },
                {
                    "RenderableComponent": {
                        "name": "Wall"
                    },
                    "TagComponent": {
                        "tag": "GrassSurface"
                    },
                    "Texture2DComponent": {
                        "name": "textures/grass-texture.jpg"
                    },
                    "TransformComponent": {
                        "angles": {
                            "x": 0.0,
                            "y": 3.5999999046325684,
                            "z": 0.0
                        },
                        "center": {
                            "x": 0.0,
                            "y": 0.800000011920929,
                            "z": 0.0
                        },
                        "scale": {
                            "x": 1.0,
                            "y": 1.0,
                            "z": 1.0
                        }
                    }
                },
                {
                    "ColorComponent": {
                        "texture": {
                            "x": 0.9586465954780579,
                            "y": 0.21263213455677032,
                            "z": 0.21263213455677032
                        }
                    },
                    "RenderableComponent": {
                        "name": "Cube"
                    },
                    "TagComponent": {
                        "tag": "PurpleWall"
                    },
                    "TransformComponent": {
                        "angles": {
                            "x": 0.0,
                            "y": 1.600000023841858,
                            "z": 0.0
                        },
                        "center": {
                            "x": 0.0,
                            "y": 6.900000095367432,
                            "z": 0.0
                        },
                        "scale": {
                            "x": 1.0,
                            "y": 1.0,
                            "z": 1.0
                        }
                    }
                },
                {
                    "ColorComponent": {
                        "texture": {
                            "x": 0.2742040455341339,
                            "y": 0.804511308670044,
                            "z": 0.1633218377828598
                        }
                    },
                    "RenderableComponent": {
                        "name": "Cube"
                    },
                    "TagComponent": {
                        "tag": "empty"
                    },
                    "TransformComponent": {
                        "angles": {
                            "x": 0.0,
                            "y": -0.0,
                            "z": 0.0
                        },
                        "center": {
                            "x": -5.076482772827148,
                            "y": -0.699999988079071,
                            "z": 0.0
                        },
                        "scale": {
                            "x": 1.0,
                            "y": 1.0,
                            "z": 1.0
                        }
                    }
                }
            ]
        }
    }
}